,댓글
0,그리움을 못 잊어   년도 도장찍고 갑니다
1,   기아는 여러 번의 트레이드의 성공  이범호  김주찬 등의 고참들의 활약  신예들의 등장  선발의 탄탄함  화끈한 불방망이  외인선수들의 알토란같은 플레이 이 모든 게 다 어우러져서 기적같이 통합우승한 게 아닌가싶다 물론 흔들리는 불펜은 아쉬웠지만 어찌어찌 꾸역투로 막아줬으니   시즌에도 이랬는데 정말 우주가 이따금씩 돕는가보다    이 모습이 또 나왔으면
2,  야구는 진짜 좋았다     완벽한 풀타임      선발에  심동섭 김세연 등 마감조 이명기 김선빈 주처 꽃 최형우 안치홍 
3,내가 가장 감명깊게 본 경기는  차전이다  양현종이 완봉승한 경기        양현종이  회초 잘 막고 나서 관중 호응 유도한 장면이랑       런다운 하다가 양의지 실수로 주자 묶지 못하고 홈인해서  대        양의지와   구 승부    양현종이    구째 삼진잡아서 이긴 경기   
4,진짜 이때 우승한 거 보고 울었었는데   저 시즌 기아팬이었으면 알텐데 진짜 재밌어서   번은 넘게 야구장 다닌듯 지고 있어도 끝날 때까지 끝난 게 아니었음
5,생각날때마다 한번씩 보는듯  이때처럼 강력한 기아를 한번더 보고싶다
6,한국시리즈   번 올라가서   번 우승 승률     이게 간지다 전세계 프로스포츠중에 이런 기록있는곳 타이거즈밖에 없음
7,기아이긴것도 좋았지만   차전은 아빠랑 언니랑 같이 직관했는데 사춘기 겪은뒤로 어색하기만하던 아빠가 이기던 순간에  이겼다  하시면서  나를 안아주던게 너무 생각나서 어떠한 기아경기중에 제일 기억에 남는다  
8,롯팬이지만 양현종 완봉은 진짜 대단한 듯   한국시리즈에서 그것도 두산 타선을 상대로   존경합니다
9,진짜 차전 아직도   생생한게 라이브로 봤는데 이범호 만루홈런 치고 이거 이기겠다 했는데 갑자기  대 까지 따라붙고  회말에 양현종 올라와서 이거 만약에 지면
10,두산팬이지만  분   초에 양현종이  회초 오재원까지 해서 삼자범퇴로 이닝 끝내고 마운드에서 내려올때 관중들에게
11,이 때는 진짜 기아 전성기였지 타자 라인업도 거를 타선이 없었고 투수진도 진짜 든든했었던      년  
12,          년 한국시리즈 끝내기 홈런이랑 오버랩    소름돋았다  기아팬으로서 감사드립니다 
13,저땐 두산멤버도 최강에 가까웠는데 기아가 완성체 조합에 거의 드래곤볼급으로 미친 시즌이였음      차전이 가장 중요했는데 양현종이 혼자 완봉승하고서 분위기 넘어갔음    에이스  선발 대결에서  패하고도 두산을 상대로 연속  연승하기 힘든데  연승이라니      
14,엔씨에서 안좋은 일도 있었지만 진짜 이명기 기아에서 고마웠다  한화에서의 선수 생명도 화려하게 다시 빛 났으면
15,양현종 미쳤다  저때 진짜 미친듯이 날라다니네
16,잘하는 기아 보고싶을때마다 이 영상 찾아서 볼꺼에요    아직도 장면마다 소름돋는건 정말    이멤버 리멤버    이렇게 선수들 케미가 좋았던건     년뿐인듯  
17,      김주찬의 이 주루가 코시 전체 분위기를 바꿔버림    내가 생각하는      코시의 핵심 장면   
18,진짜   년도 한국시리즈  차전은 양현종이 최고의 피칭을 하면서 기아의 우승의 원동력이 된 경기이었음
19,두산팬인 친구랑 마지막 경기 같이 봤던게 기억나네요      회에 양현종선수 올라오니까 두산팬인 친구가   아  진짜 드럽게 이기고 싶은가보다 니네 다해먹어라   라고 해서 엄청 웃었었는데    
20,그때가 그리워서 다시 왔습니다  우승도 그립지만 더 그리운 것은 함께 응원하는 사람과의 포옹  환호  웃음인 것 같습니다 
21,이 때의 영입  트레이드는 대성공이었지  이명기 김민식 김세현이 와서 기아의 마지막 퍼즐을 맞췄음 타격은  번부터  번까지 거를데가 없었음   한국시리즈 자체로는  할  푼이  명이나 있었지만 버디가 할 선빈이  할 치면서 메꿨지 투수는 헥터 양현종 한팀에   승 투수  명에다가 기아의 마지막 불안요소인 불펜투수에 김윤동 김세현까지  그야말로 두번 다시 볼 수 없는 완전체였다    
22,    년이 그립다      차전 양현종의     완봉승     년은 무적이었는데      지고있더라도 역전할 수 있다는 자신감   기대 몰아치는 타격 홈련    지금의 타이거즈는       다시 부활할 수 있을까 
23, 차전 양현종 완봉승은 진짜 어나더레벨이다 최강 두산 타자들을 요리하네   
24, 차전 양현종 공 진짜 미트에 팍팍 꽃히네    
25,롯데 팬으로서 기아팬들    부럽다     년마다 한번은 우승하니   한국시리즈 가는것만이라도 보고싶다
26,한국시리즈    는 양현종에 타자에선 버디가 하드캐리하긴 했는데 난 진짜 김주찬이 큰 일 했다 생각함 양의지가 주자 둘 다 잡으려고 욕심낸 것도 있지만 런다운 걸렸을때  댔다 싶었는데 진짜 똑똑하게 플레이 잘 했음  
27,기아타이거즈의 한국시리즈 전승이라는 기록도 정말 대단해  한국시리즈      승률      번의 우승 동안 상대팀도 여러 번 바뀌었는데 말이야       삼성  빙그레  현대          두산  한국시리즈      승률은 언젠가는 깨질 수 밖에 없는 기록이지만 그럼에도 불구하고 최대한 오래 했으면 좋겠다    
28,이제 정말  년이 지났는데 이범호 만루홈런이랑 나지완 투런홈런은 다시봐도 소름이 쫙 돋네   
29,그립다    기아가 저럴 때가 있었나 싶게 잘하네  흑흑 조금씩 전력 보강해서 다시 우승하자    
30,그래도 기아 언젠가는 다시 우승해줄거라 믿는다 진짜
31,아직도 저때가 생생합니다 안방침대에 다같이 옹기종기 앉아서 기아타이거즈를 외치면서 박수치고 환호했던게  년전이라는게 믿겨지지 않네요     저때의 기아는 정말 무서웠던것같아요 내년시즌은 꼭 우승까지 가봤으면 좋겠습니다
32,아 그립다 저 시절    명기 주찬이 버나디나 치홍이 범호 다 볼 수 없는 얼굴들      명기야 기아로 돌아와   
33,한국시리즈때 경험많은 노련한 베테랑들이 얼마나 중요한지를 뼈저리게 느꼈음  특히 이범호  나지완   투수는 양현종
34,명기 주찬 준족에  할넘는 테이블세터에 버나디나 형우 나지완 이범호로 이어지는 한방라인에 찌롱이 민식 선빈으로 이어지는 하위타선은 정말     한 라인이었네
35,다시 봐도 마지막 우승장면에서는 눈물이 나오려하네   다음시즌 잘해보자 
36,올해도 이런 기아의 모습을 보여줬으면 좋겠다
37,와 진짜 이명기하고 버나디나 어뜨케  할이 넘음      꾸준히 잘 때려줬네요    만루홈런에 완봉승까지 대박      
38,이때 진짜로 야구 보면서 몰입감 오졌는데   그때의 기아 그립다   
39,      지금 보니까 진짜 저때 김세현 공 너무 좋았다    정말 시즌 중 김세현 데려온건 신의 한수
40,이때 이 라인업 이 경기 그냥      기아가 너무너무 그립다   
41,다시봐도 명장면입니다 기아 타이거즈 다시 살아나길 바랍니다
42, 차전에 햄종은 진짜 신 들렸었다   그냥 공 자체가 너무 좋았고 수비의 도움도 있었지만 위기 탈출도 잘했음   타격이 그렇게 좋던 두산이 웬만해선 공도 못 건들이고 아 시발 이거 뭐지 하는 표정 지을 정도였으니   
43,아아   여기는         월   올해도 트레이드로 새로운 선수들이 마니 왔다     루 옆에서 팔을 돌리고 계시던 분이 지금 우리 감독이다   올해 근데 뭔가 잘한다   나쁘지가 않다    가을야구 갈지도      제발     
44,진짜   우승 이후 적어도 몇년간은  번타자 역할을 해줄 수 있는 이명기를 트레이드로 보내다니   
45,기아  명타자중 이범호  김민식 제외한  명이  할타자  김선빈은 시즌타격왕  선발 원투펀치가 시즌  승     선발도 커리어하이 우승할수밖에 없었던 미친시즌
46,이때 누구하나 빠지지않고 제 역활 정말 잘해줬다  우리 양현종이는 저때 생각하면 정말 지금    억도 아깝지 않긴 함  그 우승 하나를 위해 혼신의 투구를 해줬으니  
47,이때의 타선과 선발 투수진 그리고 갸 선수들의 야구 센스 같은게 너무 그립다  하  
48,     김주찬 저건 진짜 다시봐도 레전드네
49, 차전이 승리의 분기점인듯   차전에서 두산 분기로 확 넘어갔는데  차전때 양현종의 완벽한 피칭으로 기세 타기 시작
50,이때 타선만봐도 가슴이 웅장해진다   
51,해태 기아에 걸쳐서 선수 코치로 우승 경험한 한 남자 형님이 감독 되셨으니 또 다시 우승 가즈아    
52,이걸 보니   도 꼭 올해 이렇게 되면 좋겠네요   엔팬인데 통합우승 하는걸 꼭 보고싶습니다  
53,양현종 개잘했다 진짜 저런공 다시보고싶어
54,진짜 두산팬으로써 기아가 정말 저당시엔 너무 잘했지만 플옵때 그 불방망이가  차전 이후로 다 식어버려서 너무 아쉬웠던 시리즈
55,이때 라인업 너무 그립다   다들 어디갔니 얘드라   
56,     이 편집은 진짜 소름돋는 센스네
57,몇년이 지난 후 이 영상을 다시 보는데도 닭살이 올라오네요    내년에  우리 기아 선수들 준비 잘해서 이런 모습 꼭 보고 싶네요  
58,와 이때는 라인업만 봐도 든든하다
59,  살   서울에서 야구장 처음갔을때   한국시리즈 보러갔는데 진짜 후회없었다    그리고 나서 기숙사에서 핸드폰으로 중계보고 우승확정되고 겁나 뛰어서 룸메가 그렇게 좋냐고 물어본거 생각나네
60,이 때의 기아는 정말 낭만이었다   
61,진짜 한국 시리즈 영현종 완봉승은 전설이다   이때 타이거즈는 뭘해도 다 이기는 모습 이었음   
62,이때 양현종은 진짜 미쳤다
63,솔직히 한국시리즈에서 두산상대로 완봉승 때릴투수가 우리나라에 몇명이나있을까 지금 슬럼프긴한데 양현종 대단하긴하다
64,이때 라인업이 그립다      
65,다시보니까 기아타선도 엄청난데 두산 타선도 장난없네    그리고 양현종 강약조절  로케이션 미쳤다 진짜
66,당시 과기대  학년이였습니다  진짜   년도에 잠실경기는 거의 다 간거 같고  학년이 너무 행복했었습니다
67, 차전  회말 만루  아웃이였을 때 마지막에 계속 연달아 파울만 나와서 떨렸다가 결국에는 이겨서 엄청 환호했던 기억이 나네요   
68,  년대 이후 타이거즈 단  번의 우승에는 양현종과 나지완이 있었네  황금세대가 다시오길
69,  기아가   잘라먹은것도 그렇고   년에도 두산  연패 잘라먹었는데    진짜 타이거즈      연속우승이 대단하다고 할 수 밖에   
70, 차전 양현종은   전설이다  
71,지금 기아팬분들에게 필요한 힐링 영상 너무 그립네     년도 지금에 비하면 에휴  한숨 뿐이다
72,이범호 만루홈런은 언제봐도 소름 돋는다
73,원년부터 타이거즈 팬으로서 지금 같이 최하위에  연패 하고 있을때     년 우승 하이라이트 영상을 보면서 우울함을 달래봅니다  이때 라인업이 너무 그립네요 
74,진짜 저때 기아타선 미쳤었다   
75,진짜 양현종 진짜 진짜 멋지다
76,  기아는 미쳤지 나지완   시즌때 같은 곳 결승홈런 칠때 소오름 돋았는데 
77,저때가 그립다   기아  
78,이범호를 잊지못하는것은   년 한국시리즈  차전의 만루홈런의 잔상때문일것
79,한국시리즈는 사실 버나디나가    를 받아야했다고 생각  진짜 엄청난 활약
80, 차전 양햄 제구는 언제봐도 예술   
81,후        년 기아는 진짜 무적이었는데    정규타선  명중에  할타자가  명에    승 투수  명에  지고 있어도 전혀 두렵지 않고  뒤집어 이긴 경기가 셀수 없이 많았고  불펜이 그닥 좋은 편이 아니었어도 워낙에 막강한 공격력에 리그 최고 선발진으로 통합우승     수년내로 저럴때가 반드시 또 오리란 기대로  암걸릴거 같아도 한번 응원하는 팀 끝까지 배신않고 응원하려 오늘도 중계를 또 보련다 
82,이명기 참 대단한 선수네요
83,지금도 조금씩은 살아나기시작했음 기아타이거즈도 예전처럼 그영광이 다시돌아오기를
84,    년 기아타이거즈  년만에 다시 왕좌의 자리에 오릅니다    번의 한국시리즈   번의 우승     의 명문구단 팀 기아타이거즈입니다  
85,범호형 만루홈런칠때 계속 소름돋아    
86,다시 봐도 감동스럽네     
87,기아 라인업보소    미쳤다 진짜     지금과는 완전  
88,어제    우승하는거 보고 오랜만에 다시 보러 들어옴   추억이다        
89,나 왜 눈물나냐   마지막에 전율이 돋는다  
90,           현재 이걸보니 가슴이 뭉클해지네
91, 차전 영봉승 진짜 멋있다
92,이때로 돌아가고 싶다
93,저 땐 낭만이란게 있었지  
94,이번년도 시즌 초중반이 너무 힘들어서 그런지 썸넬보고 바로 들어와서 힐링함 하    
95, 차전  회투아웃 양현종과 양의지의 승부는 지금 봐도 찌릿 합니다   두 선수 다 대단한 선수임
96,     여기서 분위기 끌어올린게  회말에 득점낸듯 얼마나 흐름이 중요한 스포츠인지 보여준장면같네
97,저 떄 김세현 빠른 공 하나만큼은 정말 좋았는데 어쩌다가 이렇게 된건지    야구는 참 어려운거같음
98,와 기아 라인업 지리네 거를 타선이 없네
99,아 정말 소름돋는다   저때 당시 기아 무적이었는데   
100,기아 이때     년 우승해서 진짜 좋았는데 지금은 할 말이 없네요      시즌은  위로 끝나서 포스트시즌 진출도 못했습니다 다음     년 시즌에는 꼭 갈 수 있기 를 응원합니댜 
101,현 고등학교  학년 내 야구는 아직도   년에 멈춰있다  친구들이 기아 선수 누구 가장 좋아해  물으면 안치홍 얘기하려다가 다른 사람 얘기하는거 보면  진짜 이때는 너무 추억이다
102,  양현종은 진짜 레전드였지     
103,이거 보니까 이명기 진짜 개잘하네
104,레전드 라인업이다  이명기 김주찬 버나디나 최형우 나지완 안치홍 이범호 김민식 김선빈  핵터
105,이때 타순은 정말 잊혀지지 않는다
106,하 이때 양현종 미쳤고 완벽했는데 수비 김호령 김선빈 지렸고
107,  팬이지만 기아 투수가 정말 잘하네요
108,개인적으로 야구규정중 맘에드는 규정은 끝내기홈런을 쳤을때 덕아웃에 있던 선수들이 그라운드에 들어와도 된다는 규정은 참 맘에 듭니다 야구나 축구는 이러면 얄짤없이 무효가 되죠 
109,지금 다시봐도   기아 설명하라면 한국시리즈가 정답이넼    강력한 타선 안정적인    선발 불안한 불펜   진짜 하이라이트 보면 타자들은  차전 빼고는 점수 내야할때는 준수하게 냈고  선발들도 적당히    회 막아내고 했는데 불펜이 쎄하게 만드는 경기가 있넼       진짜 시즌 팀 컬러가 한국시리즈에서도 그대로 보이는 한국시리즈였넼   
110,와       양현종 제구력 이때였으면 메이저리그갈수있었을거같은뎅
111,기아팬은 아니지만 정말 매력있는 팀이다
112,보고 이때가 그리워서 눈물 났어요  
113,  년 양현종은 간지 그자체엿지  
114,솔까로 내 생각에는    는 버나가 받는 것이 맞았다고 본다  차전까지  할이 넘는 타율에 타점도 많았으며 중요한 순간에도 잘 쳐 줬었다 물론  승  세이브의 양현종도 대단했지만 나의 생각에는 버나가 받는것이 정답이었던거 같다 과거 로페즈가  승  세이브 중요한 경기 잡아 주고도 못 받았던거랑 비교해서도 우리 나라는 아직 용병들에게 박하다    
115, 차전 앙현종도 대단하지만 김주찬 주루가 시리즈에서 기아를 살렸네
116,여덟경기 연속 두자리수 득점에   대 에서   대   까지 따라갔던 핵타선  불펜 진짜 처참했는데 불펜이 준 점수보다  점만 더 내면 이기는게 야구라는걸 보여줬던 시즌
117,다음 우승이 너무 멀지 않았으면  호랑이들 화이팅
118,정확하게  년 전 그립다 그때가   
119,알고리즘이 저를 여기까지 이끌고왔습니다     년 기아우승 가보자고
120, 차전 양현종은 정말    지대쩔어
121,벌써  년이 지났다  어쩌다  강 경쟁 전문팀이 된것인가   이제 강해질때 되지않았나 
122,솔직히 이 때가 빨간색 유니폼이 제일 잘 어울리던 시절임   항상 상대편에게 빨간맛을 보여주던 시절        
123,대투수의 활약 팻딘의 각성모드 이범호의 초사이어인 우승 할수 밖에 없었다 
124,진짜 타선 든든하다
125,기아 라인업 개 지렸다 투타 밸런스 아무도 못이길 시즌
126,이때는 어떻게 이렇게  잘했지
127,     김주찬 런다운 레전드 보면서 레알 감탄함 주처님    보고싶읍니다   
128,진짜 기아야 나 저 느낌 느껴 보고 싶다 제발 우승해줘
129,     양현종 레전드 세레머니
130,이명기 안치홍 김민식 버나디나 최형우 김주찬 김선빈    막강 조합
131,소름 돋은 포인트  양현종 완봉승  이범호 그랜드슬램  마지막경기  마지막 아웃카운트
132,이때개꿀잼이었음     솔직히 그동안 너무 독주가 강했는데 이때는 기아가 독주했긴 했어도 막판 갑자기 맛탱이 가서 부진하고 두산이 가을야구가네마네하다가 갑자기 치고 올라오면서 리그우승까지 넘보면서 이때 승부가 참 알수 없었는데  차전마저 내주면서 와 이거 질수도 있겠다 싶었는데  차전부터 잘라버렸지  
133,하이때 멤버 그리워서 미치겠네    좋긴좋다진짜 버나디나 진짜 잘했는데 소쿠리는  버나디나 하위버전    외국인 용병 둘다    이닝    이닝 막아주고  양현종도    이닝 선발진이 대박이었는데 그립다   
134,캬 미쳤다 롯데도 이런 날이 올까  
135,올시즌두 이거보며 힐링할줄이야
136,그립다     초 때  번을 틀었는데 갑자기 기아 우승 뜨자마자 소리 지르는 기억이     
137,저때  차전 직관이였는데 김주형 실책하고 진짜 분위기 난리도아니였는데     
138,저때 버나디나 헬멧 세레머니와 맞춰 멋진활약 해줬었지   이후 그만한 용병타자가 없네  헥터도 좋았고
139,저 때 존나 웃긴게 대타자로 부상 복귀한 김재호 내보내는것도 웃기지만 초구 노리는 게 존나 웃겼음      
140,너무좋은 최고 맴바들이다
141, 차전 양현종 구위 진짜   
142,다시봐도  감동
143, 번 이명기  번 버나디나  번 김주찬  번 최형우
144,   기아 그립다     올해도 잘했으면   
145,지금 코시 경기 다시보니 기아는 될팀이고 두산은 안될팀이었네 마지막 경기에 양현종 올라와서 졌으면 그대로 두산한테 다음경기 내주는 분위기였는데 그상황에서 만루 무실점으로 막아내고   갓현종이었다 짐주형의 악몽도 떠오르지만 늦게라도 방출되어서 다행     와의 와일드카드전 업셋까진 못하더라도  차전 뚫어냈으면 하는 마음에      기운 받아갑니다
146,진짜 이범호는 만루때   강하지 지리네
147,이때 최형우가 여섯게임 차이 절대 못 따라 잡는다고 했을때 육절못이라 까고 어우두 드립치면서 두산이 코시 가면 기아 개바를거라 입털었던 두산팬들 아닥하게 만들어서 너무 좋았음
148,이때는 한국시리즈 역사상 최초로 파울플라이를 잡아내서 우승이 확정되기도 했습니다 
149,와 이거 그립다 역시 만루의 사나의 이범호 믿고있었어
150,    년 기아 우승이 소름 돋는 이유   잠실 주인이 기아로 헷갈릴 정도로 서포터들 응원이 미쳤음  첨으로 팬이랑 선수들이 같이 우승했다는 말이 뭔 지 느낄 정도 
151, 차전 양현종 완봉승 직관 아직도 기억난다   진짜 재밌었는뎅   
152,     기아야구 다시 보고싶다
153,우리 주찬선수    혹시 맘 바뀌면 다시 기아에 와줄 수 있나요      마지막까지 우리와 함께해요   
154,     기아도 투타 완벽한 밸런스의 팀
155,양현종 등판할때 소름   
156,이때  번 타자가 김선빈이었던 게    레전드임
157,아     정말 그립네 저때 정말 선수들 사기 만땅이라  다들 힘들어도 다시 일어나고 일어나고 그랬는데
158,진짜 진짜  재밌는 승부네요  
159,      투구보다 빠른 송구
160, 차전 양현종은 지렸다
161,  도 좋았는데    감동은 역시        종범신의 눈물  
162,양현종 진짜 개잘하네
163,타선보소 개쌔다 진짜  
164,  코시 양현종은 전설이다  
165,진짜  회말  아웃 김주형 저 송구실책 하나가 다 잡을뻔한 경기를 뒤엎을만한 실책이어서 우승하고도 계속 생각나더라  저 후로 은퇴해서 이제 안봐도되니 속이 시원하다  솔직히 나같은 생각하는 기아팬들 많을걸 
166,타고투저시즌  점대 선발  명   할타자가  명이라  번타자가 타격왕인데 나머지 둘은 이범호와 득타  할 푼 김민식  이땐 질거 같은 경기가 없었는데
167,와 기아 라인업 쩐다  
168,무엇보다 기억에 남는장면     
169,      역시 김주찬 대단하다 주루가    
170, 승 패로 몰린상황에서  회초  사만루였으면 함덕주 김강률을 올리거나 장원준이라도 올려서    이닝정도 끌고가주는 플랜이 더 좋았을텐데 지면 준우승인 순간에 니퍼트가 볼이 좋았던것도 아니고 너무 니퍼트 믿어준거같음
171,윤동아 미안하고 고마웠다 그립다
172, 연승 중인 타이거즈를 응원하며                       제발  
173,저때 만루였고 안타만 쳐도 한명들어오는것때문에 기도하면서 봤는데 공이 딱 저때 떠가지고    추억이네요
174,아 야구장가고싶다 진짜 가면 평생 안해본 엘쥐응원도 할테니까 제발 야구장 보내줘  
175, 차전 나지완의 투런홈런 보면서 역시나했네요    고기도 먹어본 놈이 잘먹는다고 큰경기에선 강한선수들이 따로 있다 
176,진짜 버니디나 한국시리즈타율 할 이때 미쳤었지
177,타선 진짜 존나 미쳤다    거를 타선이 없음  
178,이때는 잘 몰랐는데 이명기 미친듯이 잘했네    양현종 버나디나 다음으로 잘함
179,이때는 김세현이 마무리 짓고 뒤돌아서 포즈 취하는거 개간지였는데
180,역시 기아에요  너무 멋있어요 
181,이제와서 다시봐도 저때 저타순은 정말최고엿네요  
182,      마지막 아웃카운트 삼진으로 잡고 잠시 뜸들였다가 세리머니 하는거  간지네  
183,기아 이때 라인업 좋다    
184,이 때가 그리워서 왔습니다 
185,기아팬으로써 행복야구봤던 시절
186,제발 이 영상처럼 기아 오늘경기 제발 이기게 해주세요  
187,양현종은 레전드다    
188, 차전 직관갔었는데 잠실홈구장 실제로 느끼니까 찌릿찌릿했음 크   우주의기운 갸뽕 키야   
189,지금봐도 뭉클하네  그나저나 우리 주찬이 형은 어디서 뭐하는겨   보고싶은디
190,이때 기아타선 역대급이었지 김주찬 이명기 버나디나 최형우 이범호 나지완 안치홍 김민식 김선빈
191,하  벌써 년전이구나  우승은힘들겠지만 가을야구라도 가보자
192,저때는 진짜 야구볼맛 났었는데
193, 차전 양현종 그립다 
194,김윤동이 막아준게 컸다 마지막경기에서 보고싶다 윤동이 김기태 개   만 아니였음  금도 던지고 있을텐데 얼른 회복되서 힘차게 공뿌려주길  
195,그립다  
196,내 개인적인 생각으로는 타이거즈 역사상   타이거즈가 투타밸런스가 가장 완벽한 시즌이 아니였나싶다   그립다 이때가
197,이때 잊을수없다 이때 분명 시험기간이였는데 시험이고 나발이고 가서봄 이때 전율 잊을수없다
198,기아 올해는 더 길게 가을 야구 해보자 제발      
199, 차전 때 직관갔었는데 진짜 모르는사람이랑 껴안고 난리났었는데 저때가 그립다
200,와 이명기 센스 오지네
201,와 이때 기아 라인업 미쳤네      년동안 무슨일 있었던거냐
202,                   
203,  잘한다 진짜
204,주기적으로 보러 와야겠네요     스트레스 풀리네
205,버나디나 진짜 그립다   
206,     한국시리즈를 좌지우지 한건 양의지  차전  김윤동  차전    
207,야구보고 우울할 때 마다 들어와서 봅니다  
208, 차전  회말 삭제시킨 김윤동 살인날뻔한 김주형 여러모로 잊지못할 레전드
209,와 저 때 기아 김주찬 나지완 이명기 이범호 등 와 최강이다
210,엘팬인데 정말부럽다    우승을 어떻게   번을하지       
211,롤체  스타   롤 솔랭 각  게임 마다 배팅 가능하니까 옴팡지게 재밌네 롤뱃
212,롤체  스타   롤 솔랭 각  게임 마다 배팅 가능하니까 옴팡지게 재밌네 롤뱃
213,롤체  스타   롤 솔랭 각  게임 마다 배팅 가능하니까 옴팡지게 재밌네 롤뱃
214,만루의 사나이가 코시에서 만루홈런      
215,아 언제 또 이런날이 올까
216,버나디나    잘하네   
217,지려따 미쳐따  롤 뱃  너무 재미따  음료수 자판기 마냥 뽑아먹기 개꿀이자나  
218,기아 우승 하이라이트 이범호 만루홈런 그는 빛이였습니다
219,버나디나 한국시리즈에서도 잘하고 정규시즌에도 잘하고 중견수 봐주는데 왜 재계약을 안했는지 참         
220,진짜   시즌 울 아빠도 맨날 야구 봐야된다고 칼퇴하던 시절      시즌 가보자고     
221,기아도 우승할 때가 있었단 말이야            눈물난다
222,     진짜 이건 볼때마다 소름돋는다   나지완과 오버랩되는거  
223,지금 봐도 감동입니다   내년에는 대투수 양현종  기아에서 뛰는거 볼수 있겠죠 
224,버나디나 그립다 사실상 한국시리즈    
225,와 그립네    저기 홈런존에 있던 스팅어를 사고 싶었는데  
226,이때 레전드          최고의 시즌  
227,매년봐도 진짜 대단하다     년   월  일
228,  년 기아 우승 가즈아
229,우승  차전 시리즈   기뻤지만  김주혁님 소식에 암울하기도 했던 기억이   
230,한국시리즈 우승축하해요 기아
231,양현종 버나디나가 진짜 잘했구나
232,     버나디나  할 김선빈  할 다시봐도 미쳤네
233,가슴이 웅장해지고 싶을 때 찾아보는 영상
234,김주형 진짜 너는 이걸로 용서가 도저히 안된다
235,나지완 투런은 그의 선수생명을 끈질기게 연장시켰다  
236,양현종 완봉승 미쳣네
237,독산동 사는 짬차장은 두산찐팬 여수가 고향인 물차장은 기아찐팬    이 두 아저씨들 야구이야기 나오면 도망가야댔었는데        년에 두산 찢기고 분위기 곱창났었지  
238,지금봐도 타선은 진짜쎄다
239,이때정말좋았는데 명기쒸 치홍쒸 선빈쒸 주찬쒸 범호쒸 다들 넘캐미좋았는데 다들흩어져서  응원하지만  그래두아숩다  버나디나보구프다 첨기아응원하기시작함서 잠실가서 디나씨 응원많이했는데 그립다
240,  우승보고 가슴이 시려서 다시 한 번 쿵쾅쿵쾅 느끼러 왔습니다
241,이때 짐주형때문에 조마조마했었는데 다 추억이네
242,마스크 안끼던 시절    돌아가고싶다   
243,진짜 김세현 트레이드 못했으면 육절못 현실화됐다  코시에서도 힘들었을거같다
244,         에 두산에게 또 져서 위로하려 보러옴   이 시절이 그립다    언제 두산이기냐   
245,이범호 만루홈런 보고 오열했다
246,기아가 잘해야    가 산다
247, 회때 투구수  개라서 완봉 못할줄 알았는데 그걸 해네네 역시 대투수
248,기아는 항상 극적으로 우승하니까 사람을 미치게 함
249,이때 직관 갔는데    재밌었으
250,오늘 케이티 두산  차전 직관 갔다가 우승하는거 봐도 아무 감흥 없길래 보러옴  기아야  내년엔 잘하자     
251,양현종은 신인가
252, 차전 양현종 완봉이 컸다
253,이시즌 양현종은 진짜     믿고봤었는데   
254,팀 타율  할 넘고 후보 교체타자가  할 푼 치던 시절  
255,타이거즈 부활하자
256,다 모르겠고 그냥 코로나 걱정없이 직관했었다는게 부럽 
257,버나디나를 비롯해서 김주찬 등등 막강타선에 양현종 김윤동 투수들까지 참 재밌던 해
258,    년 기아   등 하고     년 그리워서 보는 사람 
259,나 지금 이거 다시봤는대  왜 이렇기 소름이 돋냐 기아   
260,이때  차전 직관 갔었는데 현종이형 진짜 랜디존슨 보는줄 알았다
261,개인적으로 캐스터분이 너무 좋앗음 이때
262,기아는   년에 한 번씩 우승한다는 말이 찐이다   그래그래  년 남았으니 기다리자 그래 기다림의 미학이니라
263,     우리가 나지완을 싫어할 수 없는 이유
264,기아 타선   지리내    
265,힘들때 마다 보러옵니다
266,나스타 양현종 계약 완료 다시한번 우승가자   
267,김주형은 다시봐도 소름이네
268,평생 못잊어      
269,이경기는 양현종이 살렸다
270,단 한번도 준우승을 한적이 없는 팀
271,슈퍼꾸랙 이상호리 정글 플레이서 꾸르르르잼 뱃하면서 구경해요 이상호 패가 정 배인건 안 비밀 롤 뱃 
272,슈퍼꾸랙 이상호리 정글 플레이서 꾸르르르잼 뱃하면서 구경해요 이상호 패가 정 배인건 안 비밀 롤 뱃 
273,슈퍼꾸랙 이상호리 정글 플레이서 꾸르르르잼 뱃하면서 구경해요 이상호 패가 정 배인건 안 비밀 롤 뱃 
274,  년경기 약속없음다봣는데    대투수 양현종선수의  회완봉 아직도소름    주처 꽃범호 나비 그립습니당  
275, 타이거즈는 어떻게 다시 강팀이 되었나 
276,근데   년우승은 다시봐도 신기함   년부터 올해까지 그래프를 그려보면 저때만 높음 저때배면  위이상도 한번도 못해봤고   제외 성적은  와카  승 패였던팀이     우주의 온 기운을 쏟은거 아닐까
277,결승전 직관은 진짜 재밌겠네
278,우승주역에 우리 호령이도 빼놓으면 섭하죠 공이 외야로 날아갔다하면 이미 라면수비 준비하고 있는 저승사자 두산 타자들이 외야공포증 느낄만한 위압감 개쩔었음
279,아니 이명기가 이렇게 잘했는데     왜    
280,엘지 한국시리즈 올라간거 부러워서 또 보러왔다   
281,스트존 미쳤네
282, 차전에 양현종이 승리 지키지 못했으면 기아 우승 거의 불가능이였음      
283,    년 인생 최고의 한해
284,김주형은 지금 봐도 킹받네
285,      더 재미있는게 뭐였을까  년이 지난 아직도 궁금하다
286, 차전은 한명재 목소리로 들어야 최고죠
287,    년의    타이거즈와 지금     년도에    리그에 소속되어 있는    떼껄룩즈는 다른 팀입니다  오해하지 말아주셨으면 합니다 
288,     이 공이 한가운데인걸 처음 알았습니다
289,다시봐도 저땐 잘했다  
290,진짜 레전드       기아
291,두산도 강했음     쉽지 않았던    
292,  이명기가 캐리했네
293,그립다 
294,     한국시리즈  차전 직관갔다가 저거보고 지려버림   처전 끝나고는 솔직히 우승 못할줄 알았는데  차전 보고 우승할거같더라
295, 회말 양현종 올라올 때 개소름
296,두산팬인데 이때 코시가 참 재밌었는데
297,볼때마다 눈물이나네
298,       우승 시즌을 돌아보면 기아는 우승할 수 있는 전력이 아니었음  트레이드      신인  병역  외인이 모두 최고의 결과가 나와서 우승한 거였음  기아 우승은 우주가 돕는다는게 맞는 말임 
299,안치홍이 저렇게 잘할 때도 있었네
300,     타선    실화냐      이런게 거를게 없는 타선이지
301,저때 시즌 기아팀 라인업이 롤로 따지면 담원 전성기였음
302,기아가 우승하는 시즌은 그냥 기아가 우승하는 길로만 가는듯    그 당시에 충분히 견제할만한 강팀이 있는데 상대팀이 그 시즌에는 뭔가    부족한 시즌 
303,양현종이  차전에서 분위기 다 가져왔지
304,버나디나  차전 전까지  할넘는거 미쳤나 진짜              
305, 차전 두산이  이겨더라면 김주형은 팬들한테  욕 진짜  먹었겠지    한두번 실수한게 아니라 거의 매번 실책을 하는 선수 였으니  
306, 차전 버나디나 홈런 포함 되면 더 좋을뻔 했네요  
307,난 그래도 이 시즌보단 그 전시즌이 더 박진감 있었다   
308,이거 몇번째 보냐  생각 날때마다 온다   
309,지금보니 이명기    완벽했네   가서    잘하던데 너무 아깝네  
310,  년 기아 우승가보자
311,  현종은 그냥 뭐 미쳤지
312,이때 재밌었지   
313,어려울게  도 없어 다 살면서 한번쯤은 보고 했던 게임이야  롤뱃 에서 뱃하면서 즐기장
314,어려울게  도 없어 다 살면서 한번쯤은 보고 했던 게임이야  롤뱃 에서 뱃하면서 즐기장
315,  년 기아 우승기원 성지순례
316,어려울게  도 없어 다 살면서 한번쯤은 보고 했던 게임이야  롤뱃 에서 뱃하면서 즐기장
317,역시 기아다
318,김주형  기아팬들한테 진짜로 맞아 죽을 뻔 했다    평생 양현종한테 감사하며 살아야 할듯   
319,우리 강팀이였다
320,  양현종 최고다
321, 롤 뱃 스타  유행이 떨어지질 않네      릐그 메프 각종 스폰빵까지 옴팡지게 재믯네
322,이때 뻘짓하던 김재호가     코시에서는 두산 타선에 핵심이 되었다   
323, 롤 뱃 스타  유행이 떨어지질 않네      릐그 메프 각종 스폰빵까지 옴팡지게 재믯네
324,이때는 진짜 에이스 양현종 그자체였는데
325,이범호 홈런은 소름끼치네      
326,버나디나 그립습니다   
327,   라인업 넘사네
328,진짜 버나디나가 엠비 받앗어야함
329,양현종은 이 때 기가막혔네
330,김윤동이 잘 막아준게 진짜 컸다고 봄  김윤동 아니었으면 우승 못할뻔  
331,쿨타임 돌때마다 보러 옵니다
332,다시한번 열받는다 김주형 악송구
333,진짜  타격  존나쌔네    
334, 롤 뱃 이번 롤드컵 재밋넼    치킨시켜놓고 뱃하면서 즐기자   
335,진짜      년   년 내눈으로  번은봣다     팬보다 낫다
336,갑자기 이런거 올리면        이거 보다가 지금 타선 보면 맘이아프다        명기야        어딨니            후    
337, 롤 뱃 이번 롤드컵 재밋넼    치킨시켜놓고 뱃하면서 즐기자   
338,타이거즈로 갈아탄 제가 좋아할 영상 고맙습니다
339,양현종 볼좋네 두산강타선에 공이 치고올라오네 잘들감
340,    년 시즌도     년처럼 우승으로 가즈아  
341,  년 기대가 됩니다 
342,아닠  중간에     년 한국시리즈     싱크로율    퍼
343,몇번을 봐도 소름이 
344,알고리즘이 이 영상을 지금 보여주는데는 이유가 있다
345,양현종 마무리 아니였음 버나디나가    였음   
346,    년  기아 우승가자   
347,주기적으로 봐야하는 영상임
348,      아 이거 더 재밌는게 뭔지 듣고싶다
349,우아우아  지겨운 나의 같은 일상 반복에 새로운 한줄기 빛이 내려왓따 롤뱃 후후   
350,우아우아  지겨운 나의 같은 일상 반복에 새로운 한줄기 빛이 내려왓따 롤뱃 후후   
351,양현종   년전에 봤는데  아직도있네    
352,저땐 기아가 운빨이 따랐지
353,  양현종은 지렸지
354,타선 디졌다 으으으 그대로 다시보고싶다
355,  시즌 심판 스트존 넓었던 시절이네
356,아니근데 김세현은 도대체 어떻게 딱 저 시즌만 반짝하고 폼이 나락갈수가있지
357,와 기아 저때 타선 뭐야  
358,나지완 때 교차 편집 굳굳   
359,양현종 대박
360,나지완 대타때   년도 영상슬며시 좋았고 
361,떴습니다   마스크 벗었어요  김민식이 이 타구를 잡아냅니다   
362,난아직도 이대형 보호선수를 지정 안한걸 이해할수없다
363,기아  연승 한 거 보고 생각나서 보러왔네용       기아 한국시리즈 간다 기다려라 가을
364,근데 이거 솔직히 양현종 있어서 어느정도 막음 지금은 양현종 미국에 있는데 양현종 이때 없었으면      타이거즈 질 확률이    임
365,올해도 존버한다
366,짐짝 이래서 한국시리즈우승하고  년뒤 방출당했구나 하 저때 이대형 있었으면 대박이었는데   
367,이명기 버나디나는 무적   번에  번 김주찬은 작전이며 돌파구며 그냥 몰찍어어먹어도 맛나는 최고의 양념에        번은 산넘어산에  번에서 쉬어줘야되는데 거기서 존나귀찮게만들고  번은 타격왕    돌아블것구만  
368,애들이 이때 미쳤지 이시즌 신기록 거의 갈아치움   
369,마스크 안쓰던 저시절이 그립구나 언제쯤 다시 마스크 벗고 만원관중들이 육성응원하면서 야구볼날이 올까
370,현종아   올해도 잘 부탁한다 빠져앉지마  
371,이명기 김윤동이 그립다      
372,     소름 
373,      헛스윙 발음 찰지네
374,현종이 보조개 기여워
375,     영원하 돌아오지않을 호남인의 한해
376,갓현종 캐리
377,  년 기아 우승원하면 쏴리질러  
378,양현종한국시리즈에서완봉을해버리네  
379, 차 직관갔는데 졌고   차 예매했는데        차전 승리로 우승해서 끝 
380,     가그립다  
381,선발투수가 마무리로 올라올수도있구나
382,이때 선수들이 진짜 잘했는데 지금은    크흠  
383,    년     년 나지완이 같은구장에서 같은방향으로 홈런을 때리네
384,잠실에도 기아팬 많구나 응원소리   
385,     결국 홈을 밟은 저 선수는     년에      한국 시리즈 상대 팀이었던 두산으로 오게 됩니다      
386,     존 한참 나간거 잡아주는 심판도 대단하다
387,올시즌 강 가자 
388,저땐 선수마다 응원가가 좋아서 좋았는데    지금은 너무 어려워    긴선빈 테스형밖에 노래가 생각 안난다  
389,저때 선발 라인업 다 떠나고 최형우 김선빈 눈에띄네  
390,저때가 그립다  지금 기아는 해도해도 너무한다  투수들 볼질에  타자들 타율 낮고  실책하고  유희관한테  점도 못냈다는게   에휴  올시즌 하는 꼬라지 보면 롯데랑 꼴등경쟁 하겠다  실력이 부족하면 투지라도 있어야 하는데 투지도 없고    
391,진짜 버나디나만한 외인타자 거의없다
392,힐링 
393,    년 기아타이거즈 화이팅 
394,  년 당연 호군단우승 닛시아멘 할렐루야 샬롬 아멘 할렐루야 아멘
395,저때 초딩이였는데 우승하고 학교갔을때 애들 다 기아우승 이야기만 했었는데  
396,  년 기아우승원하신분 소리질러   
397,솔직히 기아를 재밌게 했던 감독은 기태김감독임
398,일단  선발 브룩스 잔류시켰고 형우 내년에도  번해줄테고 나머지 자리들만 보완하면 우승하겠구만   
399,참 타이거즈팬이 힘들기도 한데   왕조시절처럼 연속우승은 못하도   년 넘기기전에 우승은 한번씩 하니까    우승전력 갖추고도   년 넘게 우승못하는 팀도 있으니   
400,기아는 우승이후는  년 동안은 우승못하는   그래도   년 넘게 우승못한 팀도 있어서   
401,최고다
402,     나지완            홈런
403,그나저나 통산   번째 우승인데 한국시리즈 중계하는 캐스터가 우승횟수도 실수하네
404, 차전  회말 원아웃에 만루 뜬공 김선빈 잡으며 뛸래  뛰어볼테면 뛰어봐 쒸  하는 분위기    
405,저때  회 짐주형의 실책은 생각만해도 아찔했다  양현종 아니었음 짐주형 욕 뒤질때까지 먹었지 역시 양현종은 양현종이었다 
406,기아는 왜   년에 우승해서 날 힘들게하는거야     
407,     나지완 평행이론              
408, 할  푼 치고있는 장영석 이우성을 받고 이명기 박준태를 준 기아는 반성해야 될듯
409,와 오늘 스트레스 많은 날인데 간만에 갸뽕에 취해 기분 좋아집니다
410,좋은 영상 감사합니다   
411,겁나 재밌었고
412,  년에도 보고있습니다     
413,나는 기아응원가만들리면 피가끓는다
414,      이거 만약 역전당했으면 짐짝은 살해당했을지도     
415,    년 기아 우승 원하시는분     소리 질러  
416,이거 보면서 결과를 알아도 쫄깃 쫄깃 하네
417,그때 그라인업 개추
418,    시즌 무적  팬분들 우승원하시는분 쏴리질라         
419,어휴   어제 한화한테지고 힐링하로왔습니다             
420,아 방금 두산이랑 해서  회말에 역전 당한거 화병나서 이장면 보러옴
421,연속   득점 이상 경기 시절
422,다시 프로야구 인기가 많이 올라갔으면 합니다  한국 최고야구선수는 누구일까요    선동열 이승엽 박찬호 이종범 류현진 이대호 등   궁금하시면 한번 와주세요  영상 정말 잘 만드시네요  저는 초보인데   좋은 정보 감사합니다 
423,아눈물  난다      찌롱이  나지방    
424,      내 평생 가장 큰소리로 욕한기억    진심 현장에서 앞뒤 좌우 진짜 살벌했다    뭐하고 사냐    짐  
425,솔직히 이때 공격력으로 우승을 못하는게 말이되냐          
426,이게 알고리즘에 뜨는 이유 좀         다들 암울해서 과거나 찾아보고 있는 건갘    
427,     뇌주찬이 브레인주루를 한 순간
428,아 기아 현재 타선하고 비교된다 그립다
429,     년대에는 그냥 또 우승하는갑다 하면서 봤는데      년까지  번 우승한 팀이  이젠   년에 한 번 우승을 하니 참   신인 드래프트 제도가 예전 같았으면 벌써   번은 우승했겠다 싶으면서도   에효 
430,기아라인업 개쩐다
431,나 기아팬인데 앞으로 최소  년정도는 자주들어올거같다 여기
432,      라인업 보소   
433, 차전 양현종 다잡아주는거 실환가
434,양현종은 밉지가않네   
435,    년 기아야구답답해서 들어왓네요      이때가그립읍니다
436,     역시 크보 심판  
437,버나디나 그립다
438,     이게 컸지  
439,이때는   대 으로 지고있어도 진다는 생각이없었는데
440, 차전 지고 분위기 넘어갈거  차전 완봉승이 컸지
441,함덕주는 진짜 왕창갈렸네 김강률도 뭔 이닝을 이리많이먹음    
442,여름에는 풀빌라 바다 겨울에는 스키장 롤 뱃 에서 뱃하고 놀러가야지    
443,저 라인업이 너무 부러운데   
444,내자식 명기야 어딨냐   왜 넘으집에서 밥을먹고있니 맹기야   
445,여름에는 풀빌라 바다 겨울에는 스키장 롤 뱃 에서 뱃하고 놀러가야지    
446,이상하게 이때 좋긴 했는데 박빙이 아니어서 그런가 모르겠는데     년만큼 짜릿하지는 않았음
447,
448, 차전양의지도 끝까지 승부하는거 족간지네요
449,이때는 야구 매일봤는데     
450,주처님 어디 가셨습니까   
451,      현장에서 내 옆에 진짜 어마어마어마어마하게 심한 욕 하던 아저씨 목소리가 지금도 들리는 것 같음  나도 욕이 절로 나왔는데 그아저씨가 한    명치 욕 대신해준 느낌이라 저 미친샠     까지만 나오고 쏙들어감   
452,시리즈전적은  승 패인데 상대가 두산이라  승 패같았던 시리즈 물론  치전빼고는 졸전이라
453,본인이 경기보고 다시 찾아보러온 갸붕이면 개추   
454,빠따가 너무 그립다   
455,기아 라인업 무슨일  한명도 버릴 사람이 없네
456,지금은 두산한테 개밥인데 이럴때가 있었구나  
457,이거 날씨 맞냐 잠깐 밖에 있어도 오돌오돌 이빨 떨린당    롤   뱃   에서 돈따서 잠바사야징
458,  년은 빠따  불펜이였다 누가 더 점수를 많이 내는가
459,아 윤동이 보고싶다     뇬  월  일   
460,기아     년 때 대에에에에에박     기아   현재 승리가 머징   
461,     소름  
462,   암울해서 보러왔다
463,      재밌네          
464,마지막에  사 만루 됐을 때 쫄려 뒤질뻔했는데
465,우주의 기운   
466,다시봐도  차전은 진짜    
467,프사             
468,      윤동     웨얼 아 유    
469,이거라도봐야지  요즘기아야구보면 한숨이   
470,꼭 내가 볼때만 갸가 지더라   흑 그립다아
471,아        월둘째주 기아야구 암울하다 저때가잇엇구나   
472,김주형 악송구는 지금 봐도 개빡치네       
473,현종이 우승하고 메이저로 진출햇어야지
474,      나만 여기 김운동 하는거 중독되녀
475,솔직히  차전  회말때 병살도 가능함   
476,      김선빈   히힛  귀여워    
477,저때 멤버가 몇 안남았네 그리 오래 되지도 않았는데
478,두산 기아에게는 안됨  엘지에겐 극강
479,잘한다
480,기아는 이명기 트레이드 한걸   후회해야됨  이우성 쓰지도 못할거면서 왜 트레이드 했냐 거포 유망주가 아니라 삼진유망주여
481,롤뱃퇴근후 저녁에는 스타뱃 딱 해주고  자기전에는  롤뱃 딱 뱃하고 겜보다 잠들기   
482,롤뱃퇴근후 저녁에는 스타뱃 딱 해주고  자기전에는  롤뱃 딱 뱃하고 겜보다 잠들기   
483,재미있게 보았습니다    
484,기아는 항상 드라마   
485,기아우승  기아우승 
486,솔직히 엠비피 버나디나임     
487,우리끼리 약속하나 해요 첫째 밥잘챙겨먹기 둘째 아프지말기 셋째  롤 뱃  가입해서 돈먹기   
488,우리끼리 약속하나 해요 첫째 밥잘챙겨먹기 둘째 아프지말기 셋째  롤 뱃  가입해서 돈먹기   
489,버나디나 보고싶다
490,물론 쏘주도 조치만   살 먹은 양주한병 도 먹어봐야지 않겠어   롤뱃 에서 돈따서 같이먹장
491,진짜 기아 거를 타선이 없었네         선발도      하고
492,양현종  
493,물론 쏘주도 조치만   살 먹은 양주한병 도 먹어봐야지 않겠어   롤뱃 에서 돈따서 같이먹장
494,      지금 몇년이 지나서 봐도 화딱질나네
495,  년도에도우승했군요 한번할때됐네
496, 차전 빠르게 스킵하는거 저만 웃기나요       
497, 차전인가 저때 경기막판 김주형이 에러해서 경기 넘겨줄뻔 했었지  
498,      이때 리모컨 던졌는데
499,      이때 고의낙구하면 비매인가요  
500,별로 강한팀은 아닌데 외인잘뽑으면   년에 한번씩 우승하는팀
501,이땐 두산 어찌이겼대    년도부터 두산상대  승  패 승률                기록중 
502,기아 우승 주역   김   
503,기아 드가자
504,      다들 이거보려고 들어오신거 아닙니까
505,으 시바 짜릿해
506,버나디나 그립네요  
507,부자는 망해도  년간다더니 기아는 어째   년에  번씩 우승하는고  그래도   년 가까이 우승 못하는 팀도 있는데 그걸 생각하면 다행이다  범호나 주찬이 은퇴는 어쩔수 없다하더라도 치홍이 못잡은거  이명기 트레이드보낸 게 너무 아쉽네  이우성을 계속 지켜보고 있는데 언제 장타력이 폭발할지 아님 불발탄으로 있을 지 참 답답하다 
508,갸뽕이 차오른다  
509,김주형 실수했을때 울 아빠 겁나 욕했는뎈   
510,지금 타선은 진짜 초라하네
511,광주광주광주광주
512,기아 팬들한테는 국뽕급이었음 저때
513,    년 호랑이해에 우승하자  김도영 신인왕도 타고
514,사람들 바글바글하니깐   뭔가 기분이 이상하다   
515,    년에도 보는사람    이번년도에는 우승하자
516,꿈이었다  
517,    
518,김기태때 재미있었다
519,롤 뱃 나이는 하나둘 먹어가고 통장은 하나둘 점점 빠져가고 통장에  한두개 늘리자   
520,이명기 버나디나  안치홍 왜 다버리고 쓸데없는 걸로 채워놨냐고
521,김종국 나가
522,롤 뱃 나이는 하나둘 먹어가고 통장은 하나둘 점점 빠져가고 통장에  한두개 늘리자   
523, 차전때 뒤에 있는 보라색 옷 아재 웰캐 웃김
524,  우승   회  준우승이 없는 타이거즈  언젠간 깨지겠지만 좋네 
525,사실  난 양의지가 엑스맨 자처하고 경기 삑사리내고  고향팀에게 우승선물 기여 한거같다란 갠적인 생각   큰경기서 이런 플레이할 선수가 아닌데   
526,    우승도 가능성있음
527,      버나디아나의 적시타  
528, 년에 한번씩 우승하네   년에 돌아온다
529,나지완 소름   똑같아 그때랑
530,엘지는 언제쯤   해볼까   
531, 년 안에 우승은 하겠지  
532,지금다시보니 이명기가 잘했네    
533,      약재환 잡을때 개꿀
534,최형우 나지완 김선빈 김민식   명남았네 선발라인업중
535,근데 김세현도 잘막아줌    원래 마무리 존나 불안했는데
536,범호 현종      굿
537,이때기아 빠따는 아무도못말렸지
538,기아도 우승한적이 있구나 엘롯기 엘롯기해서 우승은 못해본 구단인줄
539,영상에선 만루홈런 맞았지만 그래도 니느님은 훌륭한 용병이라고 생각됨  인성부터 실력까지  명실공히  년   년정도였나  두산 에이스  상대팀 입장에선 짜증났지만    큰키에 내리꽂는 전통 오버핸드 투수  살발했음 정말    뭐랄까  각팀마다 레전드 투수 나오면  아   졌네 오늘 그런거 있잖아요 그 느낌이 니퍼트였음    으   생각하기 싫다
540,김주형이 개말아 먹을뻔한 경기 
541,편집 굿  
542,이범호 만루홈런 다시 봐도 짜릿하다 불펜이 안좋긴 하네  마무리 김세현 까지 가기까지 실점을 많이 했네
543,김세현 윈나우 트레이드 성공
544,한국시리즈만 가면대는데 그게안대네   가즈아
545,           오늘로부터 기아  연패중   공동  위        
546,저멤버는 못참지  
547,세계  대 불가사의    
548,우리 인욱이 프사를 보니 반갑네요
549, 차전 졌으면 김주형 살아서 못 나왔을듯
550,이게야구지
551,기아 어떻게 우승했는지 궁금하다   기복이 너무 심하네 
552,    년 시즌초반 기아 경기력보고 다시 찾아오신분들 있나요      
553,이때  회역전당했으면 짐가놈 진심 뒤졌다      
554,어우두 뚝배기 브레이킹
555,      저혈압 치료제
556,대단했다 햄종이 텍사스가서 썰어버려라
557,아 옛날생각난당   
558,나 아직     년에 산다   
559,저때 짐주형 악송구   평생 짐짝 소리  들을뻔 했지 아마 최대  혜택 받고도  못한  짐주형
560,김윤동 짠하다
561,동현아 사랑해
562,똘기태 땜에 재밌었음
563,    년에도 보고있다      
564,롤뱃아침에 부랴부랴 출근준비하고 꽉막힌 도로에서 으으 지겨워 시원하게 뱃하자  
565,이때 초딩이였는데 그때 야구장 갔었는데 마지막에 만루 이범호에서 화장실 갔는데 이범호가 만루홈런 쳐서 만루홈런 못 봄
566,    강 실패 후 타팀 야구도 노잼이라 또 보러왔어 
567,엘지 롯데 한화 니들도 할수 있다는 희망을 가져라     
568,      그라췌  
569,기아는원기옥모아서우승 
570,사랑한다고    
571,오늘    역전된거보고 빡쳐서 정화하러옴
572,이거 걍 헥터  이닝 무실점   구한거  회 올려서  실점 한거 아님  헥터는  차전때 잘 해줌
573,역시 두산은 기아 팬들의 패기에 이길수 없지
574,이랬던 기아가 요즘은   
575,지금이랑 라인업무게봐라     팀이어쩌다이지경이됐지 그래 년에한번우승하는것도어디냐
576,요즘 기아보고 목아파서 오신분   혹시       기아 라고 검색하셨죠    제가 그래요 
577,   아 여기 댓글 다   년인거    기아야   
578,현종아   년도 한번해보자   
579,이명기를 왜보낸거야   하  
580,진짜 이때는 두산 상대도 안되네    
581,버나디나 시즌초때 삽질 하도해서 머하는 새낀가했는데 적응다하더니 치는것마다 장타임    
582,이명기 트레이드는  지금도  이해가  안간다 이명기  볼때마다  아깝다는  생각뿐
583,인생은 한치앞도 모르는게 인생이야  롤뱃 에서 새인생 살아보자    재밋끄등
584,인생은 한치앞도 모르는게 인생이야  롤뱃 에서 새인생 살아보자    재밋끄등
585,인생은 한치앞도 모르는게 인생이야  롤뱃 에서 새인생 살아보자    재밋끄등
586,인생은 한치앞도 모르는게 인생이야  롤뱃 에서 새인생 살아보자    재밋끄등
587,이랬던 기아가 이렇게 빨리추락을    참 한결같이 등신구단  
588,기아 타선 실화 맞냐   소설도 저렇게 쓰면 욕 먹는다  
589,저거 졌으면 징주형 두고두고 사골감인데
590,항상 드는 생각이지만 유지철 진짜 해설 못한다 우승콜도 유지철이여서 너무 가슴아픔 양현종 완봉승이랑 우승이  차전  차전    라 너무 아쉬웠다     정우영이나     한명재였으면 좋았을텐데
591,똑같은 폼에서 패스트볼        을 던지니 휴  
592, 같을때마다 보로 옵니다 그립읍니다
593,기아는 왜 몇 년 뺑이치다가 우주의기운 받고 한번 우승하고 또 뺑이치고 우승하고 왜이러냐     우승 못하는팀들보다는 나은건가
594,아 이명기보고싶다
595,엘지 롯데랑 같이 묶지마라    우린 기아로 바뀐후에도 우승  번했다
596,양현종 도랐느    
597,유희관   잠실에서끝나겟다  진짜끝남   
598,버나디나 무쌍 찍었네   
599,김종국 경질해야함 김태형 계약 가즈아
600,     이거 지금도 스트받을려나요  존에서  개정도빠졌는데
601,크  포수죽이누
602,  년에 우승할듯
603,  년 성범이들어오고 우승기원 들어오세요
604,양현종이 그냥 아예 삼진잡네    
605,쉬어갈 타선이 없네
606,이것들아 이렇게 좀 해보라구  내년엔 몇위할래  꼴찌할 거니  암울하다 증말
607,재밌게  롤 뱃  즐기는법 조아하는 비제이 찾기 뱃 떄리기 너무간단한거아냐    이렇게쉬운대 안한다고  
608,재밌게  롤 뱃  즐기는법 조아하는 비제이 찾기 뱃 떄리기 너무간단한거아냐    이렇게쉬운대 안한다고  
609,재밌게  롤 뱃  즐기는법 조아하는 비제이 찾기 뱃 떄리기 너무간단한거아냐    이렇게쉬운대 안한다고  
610,한국시리즈를   월   일에 하네   
611,  년 들어오신분 소리질리         
612,킹나디나
613,일하기 밥먹기 잠자기 같은걸 하더래도 퀄리티 있게 하장 편하게 돈벌고 맛잇는밥먹고 좋은데서자자롤뱃 
614,일하기 밥먹기 잠자기 같은걸 하더래도 퀄리티 있게 하장 편하게 돈벌고 맛잇는밥먹고 좋은데서자자롤뱃 
615,으아아아아아아아   
616,나 저기에서 결승 봤었는데
617,     뒤에 양현종   아싸 개꿀  
618,근데 도대체 무슨생각으로 이명기랑 이우성이랑 바꾼다는 비상식적인 행동을 할수있지  야구 모르는 우리막내동생도 그런짓은 안하겠다
619,어게인     가자 내년엔    양현종 선수 기아에서 은퇴하실 꺼죠  기다릴게요 에이스 
620,쫄깃 하다 
621, 차전 버나디나 쓰리런 어디갔어
622, 차전 양현종 삼진 몇개함  
623,갸성범 소식 듣고 오신분 기아팬분 손
624,김선빈이  번   
625,갸뽕이 차오른다  
626, 차전 심판 존 문제니까 삭제해야할듯
627,재발  기아  구단장님  양현종  대리고  와주세요
628,     저게 한가운데 룩삼이라고     
629,짐짝 실책할때    내일 선발없는데    생각한사람 
630,안치홍 이범호 이명기   버나
631,개아 식물타선 보고 암걸려서 들어온  인
632,올해는 삼성우승
633, 년전   내년 가능 할까요 
634,보우덴 투구폼 스로잉동작 왜 저러냐   데뷔 초 김민우 보는거같네
635,손인욱  
636,기아 못한다고 욕하지  마라 그래도 우승은 한번씩 하잖아 우승못한지 오래된팀들 겁나다     
637,  년 들어오신분 소리질러    
638,대투수 양현종
639,현종아 외국가서 잘해
640,    년 호랑이의 해 우승
641,  못버리겠다   우승해벌자기냥
642,기이타이거즈  해체하라  동네야구 그만하고  즉시 해체하라   진짜 짜증난다  즉시 해체하라 
643,버나디나가 엄청났네
644,요즘 기아 야구 거지같이 해서 보러 왔습니다
645,어케했누   
646,      범두 시리즈 말아먹고 실실쪼개네                    
647,     
648,불펜은 암덩어리였는데   김윤동 빼고
649,프사가 아름답네요  
650,에휴 내가 삼만번 정도 본듯    좀 해보자   
651,한경기를 양현종이 잡아냄
652,      누구한테물어보는거야     경기사전에 정보력개딸리넼   
653,  년도 이거 보고있는사람 
654,      삼용철 아     주댕이 개패고싶네  해설이라는 인간이
655,    년 들어오신분 소리질러   
656,기아 어웨이 아니냐     홈인줄
657,코시불패 타이거즈
658,    초 크
659,    년에 듣는분 손
660,     뒤에 핑크색 남자분이     
661,기아우승   
662,  박세혁
663,김선빈 실제로 싸가지 자존감 피해의식   안좋타던데     
664,될거다
665,대투수 텍사스에서 방출               승도 못 챙기고 방출됨  
666,  기아      기아하면 누가 이기나요
667,    
668, 차전은 박세혁이  망쳤네        
669,난기아가좋지않지않습니다
670,기아는 감독 바꿔야한다 김종국 똥고집 하나로 말아먹는 경기가 몇개인지 모르겠다    
671,현종아 왜 메이저에 간다까부니  
672,범두 하는거 없네    
673,김강률 저때만해도 기아팬입장에서 구위  무서웟는데  망햇네
674,누구 기아팬이신분 저요
675, 분  초이게 삼진이냐      
676,조금만 잘해요
677,기아로 바뀌고 나서 주기가 생긴건가  우승후    년 쯤 지나고 잊혀질즈음 우승하는
678,개주형 지금쯤 죽었겠지 
679,   꼴등 기념으로온다
680,열받네 김재호시리즈
681,나 차라리 꽉 눌러붙을래   밥 위에 누워자는 프라이 프라이 같이 나른하게 롤뱃
682,나 차라리 꽉 눌러붙을래   밥 위에 누워자는 프라이 프라이 같이 나른하게 롤뱃
683,근데 이거 올려도 되나    
684,      만루에서 누구라고   
685,크보 기아의 마지막 우승
686,로드 버나디나
687,     키야  
688,  년에 들어온사람
689,    년에 들어온 사람 손
690,외우것어요 
691,저는    년에
692,의리좀 빨리바꾸어주셈 어린애 힘들어함 제구력이영 바꿔주는게좋을듯
693,      
694,    년   월 보는 사람 여기 붙어라
695,진짜 야구를 줫같이도 못한다 스트레스 받는다
696,이명기 문경찬 박정수 다음은 누구냐 
697,         
698,삼용철 인간적으로 너무 우울해 하는거 아니냐        보기 흉하네    
699,이거보고 진짜 빡치는게  기아가 스윕다하고 두산한테 두번진게 더빡침      아글고 또빡치는거는 박정수   삼진 했다는데
700,구본경아빠
701,아사
702,범두팬들 어우두 어우두 이   하다 개발리고 아닥한거만 기억나네  
703,이후    년간 우승이 없었다
704,꼴데는 언제 하냐
705,알고리즘 뭐냐이거
706,안녕하세요 저는롯데방송하는사람입니다 앞으로자주공유했으면좋겠습니다 답글좀주세요 
707,중긴계투 장현식내보내면 무조건 지는걸 알면서왜자꾸 내보내는거여 디  답하다 앞으로 장현식내보내면 난무조건 평생 기아경기는 안볼거다 알았나 나만그런게 안니고 다들그렇게 생각하고 있다 알았들었나 정신좀 차리고 야구해라
708,솔직히 말해서 이때 기아가 심판에게 뒷돈 준듯요 볼인데 스트라이크래요 몸쪽 볼인데 스트라이크  바깥쪽 빠지는 볼인데 스트라이크  이때 이 경기 보고 심판 고소할려고 했음
709,잠깐 반짝은 차라리 없는게 나음    괜히 쓸데없는 눈높이만   
710,번동아파트   동   호
711,다시보니까 양의지 때문에 우승 못했다  홈에서 아웃시켰어야지 저때 분위기 싹넘어갔네
712,두          
713,기아 타이거즈는 자성해서 최형우 김선빈 김주찬 팬서비스 없기로 아주 나쁜놈들이다 팬이 있기에 니들이 있는건데 절대 기아는 미래가 앞으로도 없다
714,기아 요듬 준나 못하잖아     
715,편집이 이상함
716,우승  어림도없지 
717,기아가 전라도에요 
718,수비 수준    낮네
719,응 아키야
720,에      
721,
722,전라도
